Seat Number,SGPA,Information & Storage Retrieval,Software Project MaNAgement,Deep Learning,Smart Computing,Introduction to DevOps,Lab Practice III,Lab Practice IV,Project Stage I,Copyrights and Patents,Mobile Computing,Wireless Communication
B1903108501,9.2,71,71,79,72,77,82,72,80,0,0,0
B1903108502,8.55,68,57,73,67,75,92,62,82,0,0,0
B1903108503,8,67,57,60,65,51,80,70,80,0,0,0
B1903108504,8.65,70,68,66,65,61,92,80,80,0,0,0
B1903108505,8.95,70,71,75,74,69,78,78,86,0,0,0
B1903108506,8.1,76,62,54,0,0,84,62,80,0,76,52
B1903108507,7.3,56,47,51,61,50,90,80,90,0,0,0
B1903108508,7.35,64,58,48,60,48,80,62,88,0,0,0
B1903108509,7.85,65,56,63,0,0,82,66,76,0,62,52
B1903108510,9.35,72,71,77,77,81,90,78,84,0,0,0
B1903108511,9.05,74,70,71,67,0,88,72,86,0,0,77
B1903108512,6.85,48,50,54,0,0,80,72,74,0,61,45
B1903108513,9.4,81,77,70,73,78,92,94,88,0,0,0
B1903108514,8.65,67,67,78,77,76,84,64,64,0,0,0
B1903108515,7.95,67,63,59,60,53,82,60,80,0,0,0
B1903108516,8.85,74,71,70,69,61,80,86,74,0,0,0
B1903108517,9.2,78,76,71,76,77,80,70,82,0,0,0
B1903108518,8.6,64,70,66,69,68,80,76,90,0,0,0
B1903108519,8.65,66,68,72,67,63,90,96,80,0,0,0
B1903108520,9.1,71,69,80,0,0,88,58,80,0,72,73
B1903108521,8.7,80,64,67,61,61,90,86,76,0,0,0
B1903108522,9,77,77,79,77,79,74,58,80,0,0,0
B1903108523,8.55,68,71,65,0,73,90,66,86,0,59,0
B1903108524,9.1,68,73,75,74,74,92,96,90,0,0,0
B1903108525,8,61,59,63,61,54,90,72,82,0,0,0
B1903108526,8.8,63,71,66,64,71,86,84,80,0,0,0
B1903108527,8.3,59,69,65,66,65,90,74,86,0,0,0
B1903108528,7.45,57,51,55,61,0,86,84,90,0,0,48
B1903108529,8.55,78,66,76,67,63,82,72,60,0,0,0
B1903108530,9.7,88,75,82,79,80,92,94,84,0,0,0
B1903108531,8.6,65,63,73,0,0,82,66,76,0,70,65
B1903108532,7.7,59,50,67,57,58,82,74,84,0,0,0
B1903108533,9.6,80,76,80,0,0,82,90,78,0,81,78
B1903108534,9.2,77,74,78,71,72,86,76,84,0,0,0
B1903108535,9.05,72,74,79,0,0,88,72,84,0,68,78
B1903108536,9.2,80,76,72,70,67,8,78,90,0,0,0
B1903108537,7.95,66,59,64,59,59,86,88,74,0,0,0
B1903108538,8.95,71,73,68,71,69,90,84,80,0,0,0
B1903108539,9.2,70,70,71,70,75,86,72,88,0,0,0
B1903108540,9.05,77,74,75,67,74,82,76,84,0,0,0
B1903108541,9,77,78,73,72,78,84,76,64,0,0,0
B1903108542,8.95,70,76,61,71,67,82,96,90,0,0,0
B1903108543,8.6,63,69,66,72,0,88,76,88,0,0,65
B1903108544,7.3,52,54,57,0,0,84,82,90,0,55,50
B1903108545,8.45,61,61,63,62,62,86,78,84,0,0,0
B1903108546,9.4,79,82,76,0,77,90,94,80,0,73,0
B1903108547,9.5,72,81,74,79,81,90,76,92,0,0,0
B1903108548,9.2,74,72,76,72,71,90,76,94,0,0,0
B1903108549,9.1,70,70,60,72,71,84,90,92,0,0,0
B1903108550,8.95,76,75,72,0,0,86,76,76,0,69,73
B1903108551,9.55,81,75,71,80,78,88,92,86,0,0,0
B1903108552,8.9,77,72,68,72,65,82,76,86,0,0,0
B1903108553,7.85,70,66,53,54,58,80,70,82,0,0,0
B1903108554,8.85,77,70,72,0,0,84,80,78,0,69,65
B1903108555,8.95,72,73,69,79,69,92,88,82,0,0,0
B1903108556,9.4,80,81,74,74,77,88,72,74,0,0,0
B1903108557,8.95,79,60,70,77,78,92,76,76,0,0,0
B1903108558,8.3,62,62,61,75,62,78,58,72,0,0,0
B1903108559,9.05,73,69,71,73,0,90,76,84,0,0,71
B1903108560,9.25,82,79,79,0,0,84,86,94,0,65,79
B1903108561,8.95,77,70,75,0,0,94,86,90,0,69,67
B1903108562,9.45,71,72,82,76,81,82,90,72,0,0,0
B1903108564,8.95,74,71,70,0,0,90,90,84,0,58,73
B1903108565,9.55,83,74,80,78,78,90,86,82,0,0,0
B1903108566,9,73,76,77,0,0,76,90,84,0,72,60
B1903108568,8.8,70,71,64,0,0,90,92,90,0,65,61
B1903108569,7.9,58,65,54,68,59,86,92,88,0,0,0
B1903108570,8.8,75,66,67,0,0,84,86,86,0,63,70
B1903108571,0,0,0,0,0,0,82,70,60,0,0,40
B1903108572,9.1,74,64,71,76,76,84,90,90,0,0,0
B1903108573,9.25,81,66,71,77,73,86,88,80,0,0,0
B1903108574,8.8,68,64,69,79,73,86,92,88,0,0,0
B1903108857,9,72,68,73,76,75,84,86,74,0,0,0
B1903108576,8.95,77,58,72,84,0,84,92,86,0,0,66
B1903108577,8.95,73,66,73,80,0,88,86,84,0,0,56
B1903108578,7.65,55,49,57,69,66,86,86,76,0,0,0
B1903108579,7.55,51,55,65,64,54,76,90,78,0,0,0
B1903108580,9.4,80,67,73,80,77,86,86,88,0,0,0
B1903108581,9.25,80,69,71,72,77,88,88,90,0,0,0
B1903108582,8.95,75,68,73,74,0,82,82,86,0,0,67
B1903108583,9.1,75,71,69,74,77,84,82,80,0,0,0
B1903108584,8.8,75,62,71,69,67,82,84,86,0,0,0
B1903108585,9.1,79,64,76,0,0,92,90,88,0,77,71
B1903108586,9.15,78,67,71,75,80,84,86,72,0,0,0
B1903108587,9.1,78,63,70,0,75,86,84,80,0,72,0
B1903108588,7.9,62,53,57,61,66,78,78,86,0,0,0
B1903108589,8.8,68,72,61,69,77,92,82,86,0,0,0
B1903108890,8.45,74,63,69,0,0,82,76,86,0,64,57
B1903108591,8.65,74,66,65,64,66,86,86,92,0,0,0
B1903108592,9.25,77,76,74,76,79,90,84,86,0,0,0
B1903108593,9.1,72,68,75,76,72,86,88,94,0,0,0
B1903108594,8.35,70,55,51,81,67,90,76,74,0,0,0
B1903108595,9.25,79,70,79,79,76,82,86,84,0,0,0
B1903108596,8.95,72,61,70,70,69,86,92,82,0,0,0
B1903108597,8.8,78,64,65,68,79,96,88,84,0,0,0
B1903108598,8.5,60,57,60,77,65,80,82,82,0,0,0
B1903108599,9.1,71,66,68,75,81,84,86,84,0,0,0
B19031086NA,7.3,52,44,57,63,63,80,78,72,0,0,0
B1903108601,8.95,72,62,66,78,77,88,92,80,0,0,0
B1903108602,8.2,69,52,64,70,55,84,84,86,0,0,0
B1903108603,9.25,74,69,70,79,81,90,90,94,0,0,0
B1903108604,9.25,73,68,72,75,80,92,94,90,0,0,0
B1903108605,9.4,82,69,70,81,79,96,88,86,0,0,0
B1903108606,8.5,56,66,63,67,71,84,82,92,0,0,0
B1903108607,8.55,59,71,63,70,69,76,80,82,0,0,0
B1903108608,9.3,80,71,75,78,78,78,82,80,0,0,0
B1903108609,8.7,75,70,69,64,64,76,86,86,0,0,0
B1903108610,9.4,82,74,78,77,77,90,88,84,0,0,0
B1903108611,9.25,78,78,72,78,76,90,90,84,0,0,0
B1903108612,7.05,61,58,56,49,47,74,78,76,0,0,0
B1903108613,8.95,76,75,78,72,64,90,78,78,0,0,0
B1903108614,9.4,82,80,72,71,66,90,92,88,0,0,0
B1903108615,8.65,71,71,58,61,67,90,82,84,0,0,0
B1903108616,8.8,75,67,71,66,65,82,82,86,0,0,0
B1903108617,8.95,75,60,75,77,67,80,86,80,0,0,0
B1903108618,8.85,75,74,74,0,0,78,86,88,0,67,69
B1903108619,9.55,80,72,73,78,80,82,92,86,0,0,0
B1903108620,8.8,70,72,68,0,0,82,90,0,0,68,66
B1903108621,0,40,47,50,50,43,70,90,68,0,0,0
B1903108622,9.4,74,76,76,76,80,86,92,90,0,0,0
B1903108623,9.4,76,72,72,70,80,82,92,86,0,0,0
B1903108624,9.15,79,77,78,0,0,82,86,0,0,74,73
B1903108625,6.55,43,45,43,57,0,76,86,72,0,0,40
B1903108626,8.95,69,76,70,66,74,86,90,92,0,0,0
B1903108627,8.4,59,66,67,67,74,78,80,86,0,0,0
B1903108628,9.4,74,74,80,73,76,90,86,84,0,0,0
B1903108629,8.9,74,72,69,70,71,74,82,76,0,0,0
B1903108630,8.5,65,70,66,71,79,68,70,66,0,0,0
B1903108631,8.95,65,76,64,71,70,90,88,90,0,0,0
B1903108632,8.45,61,62,56,67,71,80,70,82,0,0,0
B1903108633,8.4,69,62,61,70,57,76,92,82,0,0,0
B1903108634,7.2,53,52,62,0,0,76,92,82,0,56,45
B1903108635,8.7,67,68,76,77,69,82,82,76,0,0,0
B1903108636,8.7,62,70,74,74,62,80,78,76,0,0,0
B1903108637,8.25,58,60,67,79,68,76,78,76,0,0,0
B1903108638,6.55,48,54,47,54,48,82,80,84,0,0,0
B1903108639,0,47,47,53,54,56,66,74,76,0,0,0
B1903108640,7.15,62,60,59,46,44,72,78,82,0,0,0
B1903108641,8.8,68,70,69,72,67,84,88,86,0,0,0
B1903108642,8.1,67,53,66,75,75,72,50,78,0,0,0
B1903108643,6.1,59,47,53,48,59,72,54,44,0,0,0
